Year,WMA,Hunts,HarvestableSex,Does,Bucks,Hunters,TotalDeer,Link
2026,Alapaha River WMA,3,Either,42,33,675,75,https://gadnrwrd.maps.arcgis.com/apps/dashboards/2ff479b38e4c4f2894fe1b8c5a53e4b2
2026,Albany Nursery WMA,1,Either,0,3,84,3,
2026,Allatoona WMA,2,Either,23,19,408,42,
2026,Alligator Creek WMA,2,Either,1,1,42,2,
2026,Altama Plantation WMA,1,Either,1,0,23,1,
2026,"Altamaha WMA - Buffalo Swamp, Lewis Island, and McGowan Lake Tracts",2,Either,2,1,44,3,
2026,B.F. Grant WMA,3,Either,39,57,569,96,
2026,Beaverdam WMA,4,Either,39,44,417,83,
2026,Berry College WMA,2,Either,34,111,853,145,
2026,Blue Ridge WMA,2,Antlered,1,16,181,17,
2026,Broad River WMA,1,Either,7,15,194,22,
2026,Buck Shoals WMA,2,Either,7,5,22,12,
2026,Carters Lake WMA,2,Either,3,5,26,8,
2026,Cedar Creek WMA,3,Either,232,506,1856,738,
2026,Ceylon WMA,2,Either,14,12,92,26,
2026,Chattahoochee WMA,3,Antlered,0,12,292,12,
2026,Chestatee WMA,2,Antlered,0,3,156,3,
2026,Chickasawhatchee WMA,2,Either,50,26,265,76,
2026,Clarks Hill WMA - East,3,Either,66,76,629,142,
2026,Clayhole Swamp WMA,3,Either,21,5,175,26,
2026,Clybel WMA,7,Either,37,47,563,84,
2026,Cochrans Creek WMA,2,Either,0,3,35,3,
2026,Cohutta WMA,1,Antlered,0,7,528,7,
2026,Coopers Creek WMA,4,Antlered,0,78,698,78,
2026,Coosawattee WMA,2,Either,14,13,138,27,
2026,Crockford-Pigeon Mountain WMA,2,Either,20,95,706,115,
2026,Dawson Forest WMA,2,Either,7,61,847,68,
2026,Di-Lane Plantation WMA,3,Either,64,38,406,102,
2026,Dixon Bay WMA,1,Either,0,1,29,1,
2026,Dixon Memorial WMA,5,Either,39,50,637,89,
2026,Don Carter State Park,1,Either,39,21,38,60,
2026,Dukes Creek - Smithgall Woods State Park,2,Antlered,0,15,178,15,
2026,Elbert County WMA,2,Either,5,2,83,7,
2026,Flat Tub WMA ,2,Either,93,53,595,146,
2026,Fort Yargo State Park,1,Either,27,22,51,49,
2026,Gaither WMA,2,Either,3,0,21,3,
2026,Grand Bay WMA,8,Either,5,18,215,23,
2026,Griffen Bay WMA,2,Either,4,5,74,9,
2026,Hannahatchee WMA ,1,Either,0,1,95,1,
2026,Hart County WMA,4,Either,9,26,231,35,
2026,Hiltonia WMA,1,Either,0,0,32,0,
2026,Horse Creek MWA ,2,Either,47,76,246,123,
2026,J.L. Lester WMA,1,Either,5,5,20,10,
2026,Joe Kurz WMA,3,Either,40,39,780,79,
2026,Johns Mountain WMA,2,Either,7,49,478,56,
2026,Lake Russell WMA,3,Either,15,123,1128,138,
2026,Lake Seminole WMA,1,Either,1,1,8,2,
2026,Lanahassee WMA,1,Either,0,0,26,0,
2026,Little River WMA,2,Either,0,0,32,0,
2026,Little Satilla WMA ,2,Either,17,10,142,27,
2026,Lola Tract VPA,1,Either,0,0,22,0,
2026,Mayhaw WMA ,2,Either,19,8,81,27,
2026,Oaky Woods WMA,3,EIther,35,52,326,87,
2026,Ocmulgee WMA,3,Either,34,151,185,647,
2026,Oconee WMA,2,Either,61,74,427,135,
2026,Ohoopee Dunes WMA - North Tract ,1,Either,23,58,90,81,
2026,Oliver Bridge WMA,2,Either,0,2,128,2,
2026,Ossabaw Island WMA,4,Either,37,54,210,91,
2026,Panola Mountain State Park,2,Either,80,42,88,122,
2026,Paulding Forest WMA,2,Either,9,143,1004,152,
2026,Paulks Pasture WMA,4,Either,28,27,307,55,
2026,Penholoway Swamp WMA,3,Either,17,31,316,48,
2026,Pleasant Valley VPA,2,Either,2,2,44,4,
2026,Red Top Mountain State Park ,1,Either,23,20,47,43,
2026,Redlands WMA,4,Either,179,214,2049,393,
2026,Redlands WMA - Watson Spring Area,1,Either,2,2,45,4,
2026,Rich Mountain WMA,1,Antlered,0,62,402,62,
2026,Richard B. Russell State Park,1,Either,15,14,38,29,
2026,Richmond Hill WMA,2,Either,4,6,71,10,
2026,River Bend WMA,1,Either,7,30,112,37,
2026,"River Creek, The Rolf and Alexandra Kauka WMA",2,Either,1,1,90,2,
2026,Rum Creek WMA,4,Either,46,74,423,120,
2026,Sandhills WMA - West ,1,Either,0,0,12,0,
2026,Sansavilla WMA,3,Either,20,72,529,92,
2026,Sapelo Island WMA,4,Either,40,55,201,95,
2026,Swallow Creek WMA,2,Antlered,0,12,107,12,
2026,Tallapoosa River WMA,1,Either,2,5,50,7,
2026,Tallulah George WMA,2,Antlered,0,0,34,0,
2026,Townsend WMA - Buck Island Tract,2,Either,4,1,54,5,
2026,"Townsend WMA  - North, South, and Pine Island Tracts",4,Either,18,37,333,55,
2026,Treat Mountain WMA,1,Antlered,2,1,62,3,
2026,Tuckahoe WMA,3,Either,31,68,722,99,
2026,Tugaloo State Park ,1,Either,7,7,29,14,
2026,Warwoman WMA,2,Antlered,0,4,102,4,
2026,West Point WMA,4,Either,16,37,860,53,
2026,Wilson Shoals WMA,2,Either,15,28,647,43,
2026,Yuchi WMA,3,Either,14,18,252,32,
2025,Alapaha River WMA,4,Either,25,57,550,82,
2025,Albany Nursery WMA,2,Either,1,0,14,1,
2025,Alexander WMA,2,Either,29,16,315,45,
2025,Allatoona WMA,4,Either,80,103,1420,183,
2025,Alligator Creek WMA,1,Either,0,0,39,0,
2025,Altama Plantation WMA,4,Either,11,11,143,22,
2025,"Altamaha WMA - Buffalo Swamp, Lewis Island, and McGowan Lake Tracts",2,Either,9,11,271,20,
2025,Altamaha WMA - Waterfowl Management Area,1,Either,0,0,15,0,
2025,Arrowhead,1,Either,0,0,25,0,
2025,B.F. Grant WMA,4,Either,44,70,645,114,
2025,Balls Ferry State Park,2,Either,1,1,27,2,
2025,Bartam Forest,1,Either,8,9,62,17,
2025,Beaverdam WMA,5,Either,21,48,314,69,
2025,Berry College WMA,4,Either,45,119,1337,164,
2025,Big Dukes Pond WMA,3,Either,8,10,225,18,
2025,Big Hammock WMA,3,Either,7,5,264,12,
2025,Big Lazer Creek WMA,5,Either,37,64,598,101,
2025,Blanton Creek,4,Either,21,39,458,60,
2025,Blue Ridge WMA,4,Antlered,0,24,495,24,
2025,Broad River WMA,1,Either,2,1,192,3,
2025,Buck Shoals WMA,3,Either,8,8,30,16,
2025,Bullard Creek WMA,6,Either,100,98,618,198,
2025,Bullard Creek WMA - Bell Telephone Tract,1,Either,0,1,32,1,
2025,Bullard Creek WMA - Montgomery Tract ,1,Either,2,0,51,2,
2025,Bullard Creek WMA - Ocmulgee Tract,1,Either,3,3,36,6,
2025,Camp Thunder VPA,1,Either,7,11,136,18,
2025,Canoochee Sandhills WMA,4,Either,7,13,218,20,
2025,Carters Lake WMA,3,Either,27,24,421,51,
2025,Cedar Creek WMA,5,Either,169,476,2202,645,
2025,Cedar Grove VPA,1,Either,1,3,67,4,
2025,Ceylon WMA,4,Either,36,27,607,63,
2025,Chattahoochee Fall Line WMA - Almo,2,Either,10,24,163,34,
2025,Chattahoochee Fall Line WMA - Fort Perry,3,Either,1,2,36,3,
2025,Chattahoochee Fall Line WMA - Hilliard,6,Either,35,35,319,70,
2025,Chattahoochee Fall Line WMA - VPA Tracts,1,Either,1,2,247,3,
2025,Chattahoochee WMA,4,Antlered,0,20,388,20,
2025,Chestatee WMA,4,Antlered,0,37,445,37,
2025,Chickasawhatchee WMA,6,Either,77,190,735,267,
2025,Clarks Hill WMA - East,4,Either,37,77,940,114,
2025,Clarks Hill WMA - West,3,Either,3,5,338,8,
2025,Clayhole Swamp WMA,5,Either,23,10,259,33,
2025,Clybel WMA,7,Either,44,93,510,137,
2025,Cochrans Creek WMA,5,Either,0,0,86,0,
2025,Cohutta WMA,3,Antlered,0,59,1555,59,
2025,Conasauga River WMA,1,Either,10,4,278,14,
2025,Coopers Creek WMA,5,Antlered,0,79,752,79,
2025,Coosawattee WMA,3,Either,60,56,988,116,
2025,Crockford-Pigeon Mountain WMA,4,Either,87,236,1976,323,
2025,Dawson Forest WMA,5,Either,45,90,2119,135,
2025,Di-Lane Plantation WMA,4,Either,67,55,656,122,
2025,Dixon Bay WMA,2,Either,2,1,59,3,
2025,Dixon Memorial WMA,8,Either,31,40,746,71,
2025,Don Carter State Park,1,Either,49,28,36,77,
2025,Dukes Creek - Smithgall Woods State Park,4,Antlered,0,14,193,14,
2025,Echeconnee Creek WMA,1,Either,0,1,59,1,
2025,Elbert County WMA,3,Either,16,19,370,35,
2025,F.D. Roosevelt State Park,1,Either,20,18,65,38,
2025,Fishing Creek WMA,3,Either,7,5,262,12,
2025,Flat Creek PFA,1,Either,6,10,109,16,
2025,Flat Tub WMA ,4,Either,19,33,425,52,
2025,Flint River WMA,4,EIther,37,29,271,66,
2025,Fort Yargo State Park,1,Either,5,11,N/A,16,
2025,Gaither WMA,4,Either,7,11,136,18,
2025,Germany Creek WMA,3,Either,9,9,158,18,
2025,Grand Bay WMA,5,Either,8,15,187,23,
2025,Griffen Bay WMA,4,Either,1,6,279,7,
2025,Hart County WMA,4,Either,11,22,234,33,
2025,Hiltonia WMA,2,Either,0,0,63,0,
2025,Horse Creek MWA ,6,Either,33,57,400,90,
2025,J.L. Lester WMA,3,Either,11,4,120,15,
2025,Joe Kurz WMA,3,Either,31,36,505,67,
2025,Johns Mountain WMA,4,Either,9,60,1017,69,
2025,Keg Creek,1,Either,3,6,162,9,
2025,Lake Russell WMA,5,Either,24,135,1083,159,
2025,Lake Seminole WMA,1,Either,0,0,0,0,
2025,Lanahassee WMA,5,Either,48,43,230,91,
2025,Little River WMA,2,Either,13,10,236,23,
2025,Little Satilla WMA ,3,Either,64,31,541,95,
2025,Lola Tract VPA,2,Either,0,2,66,2,
2025,Lower Broad River WMA,3,Either,14,20,187,34,
2025,Mayhaw WMA ,3,Either,11,37,284,48,
2025,McGraw Ford WMA,1,Either,19,23,748,42,
2025,Mead Farm WMA,1,Either,0,10,14,10,
2025,Moody Forest WMA,1,Either,33,24,212,57,
2025,Morgan Lake WMA,1,Either,1,0,19,1,
2025,Oaky Woods WMA,5,Either,62,108,687,170,
2025,Ocmulgee WMA,3,Either,18,39,335,57,
2025,Ocmulgee WMA - Gum Swamp Creek,1,Either,3,4,95,7,
2025,Oconee WMA,3,Either,50,69,772,119,
2025,Oconee WMA - Dan Denton Waterfowl Area,1,Either,0,0,53,0,
2025,Ohoopee Dunes WMA - North Tract ,3,Either,15,37,162,52,
2025,Ohoopee Dunes WMA - South Tract ,1,Either,2,2,129,4,
2025,Oliver Bridge WMA,2,Either,7,11,463,18,
2025,Ossabaw Island WMA,5,Either,46,73,315,119,
2025,Otting WMA,1,Either,5,1,105,6,
2025,Panola Mountain State Park,1,Either,18,27,48,45,
2025,Paulding Forest WMA,4,Either,43,182,2525,225,
2025,Paulks Pasture WMA,8,Either,54,74,633,128,
2025,Penholoway Swamp WMA,4,Either,27,28,347,55,
2025,Perry Dove Field ,1,Either,1,0,37,1,
2025,Phinizy Swamp WMA,1,Either,4,0,54,4,
2025,Pleasant Valley VPA,2,Either,1,0,26,1,
2025,Red Top Mountain State Park ,1,Either,15,23,N/A,38,
2025,Redlands WMA,5,Either,210,209,2148,419,
2025,Redlands WMA - Watson Spring Area,1,Either,2,0,120,2,
2025,Rich Mountain WMA,2,Either,2,60,604,62,
2025,Rich Mountain WMA - Cartecay,1,Either,6,8,252,14,
2025,Richard B. Russell State Park,1,Either,7,6,35,13,
2025,Richmond Hill WMA,3,Either,33,24,437,57,
2025,River Bend WMA,2,Either,2,1,85,3,
2025,"River Creek, The Rolf and Alexandra Kauka WMA",2,Either,1,2,106,3,
2025,Rogers WMA,1,Either,2,0,8,2,
2025,Rum Creek WMA,4,Either,25,62,404,87,
2025,Rum Creek WMA - Berry Creek,1,Either,2,2,49,4,
2025,Sansavilla WMA,6,Either,61,79,773,140,
2025,Sapelo Island WMA,5,Either,42,51,116,93,
2025,Scotland Road VPA,1,Either,1,0,21,1,
2025,Sheffield WMA,1,Either,8,14,705,22,
2025,Silver Lake WMA,4,Either,44,20,310,64,
2025,Soap Creek WMA,3,Either,5,8,140,13,
2025,Sparks Cut Off VPA,1,Either,3,0,62,3,
2025,Spirit Creek Forest WMA,1,Either,2,2,152,4,
2025,Sprewell Bluff WMA - West,2,Either,6,5,643,11,
2025,Standing Boy State Park,1,Either,3,2,28,5,
2025,Swallow Creek WMA,4,Antlered,0,23,291,23,
2025,Tallapoosa River WMA,4,Either,6,7,105,13,
2025,Tallulah George WMA,3,Antlered,0,3,195,3,
2025,Townsend WMA - Buck Island Tract,3,Either,8,4,203,12,
2025,"Townsend WMA  - North, South, and Pine Island Tracts",7,Either,36,34,480,70,
2025,Treat Mountain WMA,4,Either,8,21,247,29,
2025,Tuckahoe WMA,3,Either,12,22,247,34,
2025,Tugaloo State Park ,1,Either,5,9,32,14,
2025,Warwoman WMA,3,Antlered,0,30,288,30,
2025,West Point WMA,5,Either,29,43,882,72,
2025,West Point WMA - Dixie Creek,1,Either,8,3,119,11,
2025,West Point WMA - Glover Creek,1,Either,0,0,61,0,
2025,Wilson Shoals WMA,3,Either,11,23,605,34,
2025,Yuchi WMA,8,Either,20,68,641,88,
2025,Zahnd WMA,1,Either,8,5,124,13,
2024,Alapaha River WMA,5,Either,38,54,770,92,
2024,Albany Nursery WMA,3,Either,3,1,54,4,
2024,Alexander WMA,3,Either,21,18,221,39,
2024,Allatoona WMA,4,Either,158,163,1365,321,
2024,Alligator Creek WMA,3,Either,13,10,254,23,
2024,Altama Plantation WMA,5,Either,6,9,103,15,
2024,"Altamaha WMA - Buffalo Swamp, Lewis Island, and McGowan Lake Tracts",3,Either,10,7,263,17,
2024,Altamaha WMA - Waterfowl Management Area,1,Either,0,1,41,1,
2024,Arrowhead,3,Either,3,0,58,3,
2024,B.F. Grant WMA,5,Either,72,90,741,162,
2024,Balls Ferry State Park,3,Either,0,0,14,0,
2024,Bartam Forest,1,Either,15,17,85,32,
2024,Beaverdam WMA,6,Either,30,55,329,85,
2024,Berry College WMA,4,Either,51,169,1542,220,
2024,Big Hammock WMA,5,Either,20,13,434,33,
2024,Big Lazer Creek WMA,5,Either,26,34,675,60,
2024,Blanton Creek,6,Either,33,30,466,63,
2024,Blue Ridge WMA,4,Either,1,48,667,49,
2024,Broad River WMA,1,Either,6,5,176,11,
2024,Buck Shoals WMA,2,Either,3,6,18,9,
2024,Bullard Creek WMA,7,Either,129,134,939,263,
2024,Bullard Creek WMA - Bell Telephone Tract,1,Either,5,1,65,6,
2024,Bullard Creek WMA - Montgomery Tract ,1,Either,4,0,66,4,
2024,Bullard Creek WMA - Ocmulgee Tract,1,Either,7,6,91,13,
2024,Camp Thunder VPA,1,Either,6,5,99,11,
2024,Canoochee Sandhills WMA,4,Either,11,15,221,26,
2024,Carters Lake WMA,5,Either,27,19,295,46,
2024,Cedar Creek WMA,6,Either,124,426,2445,550,
2024,Cedar Grove VPA,1,Either,3,1,46,4,
2024,Ceylon WMA,5,Either,60,37,545,97,
2024,Charles B. Henson VPA,1,Either,12,9,168,21,
2024,Chattahoochee Fall Line WMA - Almo,4,Either,16,30,201,46,
2024,Chattahoochee Fall Line WMA - Fort Perry,1,Either,3,2,171,5,
2024,Chattahoochee Fall Line WMA - Hilliard,7,Either,40,25,326,65,
2024,Chattahoochee Fall Line WMA - VPA Tracts,1,Either,4,6,198,10,
2024,Chattahoochee WMA,5,Antlered,0,19,659,19,
2024,Chestatee WMA,6,Antlered,0,29,637,29,
2024,Chickasawhatchee WMA,7,Either,104,158,594,262,
2024,Clarks Hill WMA - East,4,Either,52,54,451,106,
2024,Clarks Hill WMA - West,3,Either,0,0,472,0,
2024,Clayhole Swamp WMA,7,Either,15,4,280,19,
2024,Clybel WMA,8,Either,42,85,559,127,
2024,Cohutta WMA,5,Antlered,0,38,1681,38,
2024,Conasauga River WMA,1,Either,3,8,392,11,
2024,Coopers Creek WMA,6,Antlered,0,57,826,57,
2024,Coosawattee WMA,5,Either,50,45,533,95,
2024,Crockford-Pigeon Mountain WMA,7,Either,68,214,1899,282,
2024,Dawson Forest WMA,6,Either,30,97,2954,127,
2024,Di-Lane Plantation WMA,4,Either,66,67,638,133,
2024,Dixon Bay WMA,2,Either,3,1,42,4,
2024,Dixon Memorial WMA,11,Either,64,63,1088,127,
2024,Dodge County PFA,1,Either,1,2,31,3,
2024,Doerun Pitcherplant Bog WMA,1,Either,7,4,122,11,
2024,Don Carter State Park,1,Either,58,39,47,97,
2024,Dukes Creek - Smithgall Woods State Park,4,Antlered,0,8,196,8,
2024,Dupoont Tract VPA,3,Either,1,2,4,3,
2024,Echeconnee Creek WMA,1,Either,4,7,49,11,
2024,Elbert County WMA,4,Either,25,30,581,55,
2024,Elmodel WMA,1,Either,12,14,160,26,
2024,Fishing Creek WMA,3,Either,11,12,160,23,
2024,Flat Creek PFA,1,Either,6,12,92,18,
2024,Flat Tub WMA ,5,Either,22,27,533,49,
2024,Flint River WMA,5,Either,30,33,211,63,
2024,Fort Yargo State Park,1,Either,16,21,47,37,
2024,Gaither WMA,6,Either,13,14,148,27,
2024,Germany Creek WMA,3,Either,10,9,112,19,
2024,Grand Bay WMA,5,Either,6,16,225,22,
2024,Griffen Bay WMA,5,Either,7,11,436,18,
2024,Hannahatchee WMA,3,Either,52,49,608,101,
2024,Hard Labor Creek State Park,1,Either,55,69,130,124,
2024,Hart County WMA,4,Either,4,17,232,21,
2024,Hiltonia WMA,2,Either,2,0,92,2,
2024,Horse Creek MWA ,9,Either,42,62,548,104,
2024,J.L. Lester WMA,4,Either,12,11,159,23,
2024,Joe Kurz WMA,4,Either,43,40,587,83,
2024,Johns Mountain WMA,6,Either,7,53,772,60,
2024,Keg Creek,1,Either,3,1,159,4,
2024,Lake Russell WMA,5,Either,14,142,1472,156,
2024,Lake Seminole WMA,3,Either,3,2,112,5,
2024,Lake Walter F. George WMA,1,Either,2,1,41,3,
2024,Lanahassee WMA,6,Either,43,34,269,77,
2024,Little River WMA,3,Either,6,7,231,13,
2024,Little Satilla WMA ,3,Either,75,33,893,108,
2024,Lola Tract VPA,3,Either,3,5,67,8,
2024,Lower Broad River WMA,3,Either,17,11,111,28,
2024,Mayhaw WMA ,4,Either,79,74,425,153,
2024,McGraw Ford WMA,1,Either,19,22,787,41,
2024,Mead Farm WMA,1,Either,0,0,27,0,
2024,Montezuma Bluffs WMA,1,Either,7,3,58,10,
2024,Moody Forest WMA,1,Either,50,33,214,83,
2024,Morgan Lake WMA,1,Either,0,0,11,0,
2024,Oaky Woods WMA,5,Either,27,103,715,130,
2024,Ocmulgee WMA,5,Either,35,160,879,195,
2024,Ocmulgee WMA - Gum Swamp Creek,1,Either,7,1,75,8,
2024,Oconee WMA,4,Either,68,75,679,143,
2024,Oconee WMA - Dan Denton Waterfowl Area,1,Either,6,3,28,9,
2024,Ohoopee Dunes WMA - North Tract ,4,Either,21,40,213,61,
2024,Ohoopee Dunes WMA - South Tract ,1,Either,2,1,78,3,
2024,Oliver Bridge WMA,3,Either,11,7,650,18,
2024,Ossabaw Island WMA,5,Either,60,82,243,142,
2024,Otting WMA,1,Either,5,2,73,7,
2024,Panola Mountain State Park,1,Either,26,29,49,55,
2024,Paulding Forest WMA,6,Either,57,170,2668,227,
2024,Paulks Pasture WMA,10,Either,40,49,674,89,
2024,Penholoway Swamp WMA,6,Either,12,7,193,19,
2024,Perry Dove Field ,1,Either,2,0,39,2,
2024,Phinizy Swamp WMA,1,Either,2,3,70,5,
2024,Pleasant Valley VPA,2,Either,0,1,12,1,
2024,Redlands WMA,5,Either,177,292,2728,469,
2024,Redlands WMA - Watson Spring Area,2,Either,2,5,227,7,
2024,Rich Mountain WMA,3,Either,4,54,563,58,
2024,Rich Mountain WMA - Cartecay,1,Either,8,14,249,22,
2024,Richard B. Russell State Park,1,Either,19,19,37,38,
2024,Richmond Hill WMA,3,Either,36,23,609,59,
2024,River Bend WMA,5,Either,13,28,298,41,
2024,"River Creek, The Rolf and Alexandra Kauka WMA",6,Either,14,12,159,26,
2024,Rocky Mountain Recreation PFA,1,Either,5,10,225,15,
2024,Rogers WMA,3,Either,0,0,64,0,
2024,Rum Creek WMA,5,Either,46,65,431,111,
2024,Rum Creek WMA - Berry Creek,1,Either,2,1,66,3,
2024,Sandhills WMA - East,1,Either,0,0,39,0,
2024,Sandhills WMA - West ,3,Either,7,7,203,14,
2024,Sansavilla WMA,10,Either,54,55,1133,109,
2024,Sapelo Island WMA,6,Either,81,95,231,176,
2024,Scotland Road VPA,1,Either,1,0,7,1,
2024,Sheffield WMA,1,Either,11,14,697,25,
2024,Silver Lake WMA,7,Either,65,94,583,159,
2024,Soap Creek WMA,3,Either,14,12,93,26,
2024,Sparks Cut Off VPA,1,Either,1,3,70,4,
2024,Spirit Creek Forest WMA,1,Either,1,9,140,10,
2024,Sprewell Bluff WMA - East,1,Either,8,6,217,14,
2024,Sprewell Bluff WMA - West,2,Either,3,4,636,7,
2024,Standing Boy State Park,4,Either,1,2,19,3,
2024,Swallow Creek WMA,4,Antlered,0,14,412,14,
2024,Tallapoosa River WMA,4,Either,5,4,106,9,
2024,Tallulah George WMA,1,Antlered,0,0,26,0,
2024,Townsend WMA - Buck Island Tract,3,Either,0,0,294,0,
2024,"Townsend WMA  - North, South, and Pine Island Tracts",10,Either,36,63,688,99,
2024,Treat Mountain WMA,6,Either,5,21,301,26,
2024,Tuckahoe WMA,6,Either,32,48,573,80,
2024,Tugaloo State Park ,1,Either,8,2,29,10,
2024,Warwoman WMA,3,Antlered,0,20,286,20,
2024,West Point WMA,7,Either,13,23,759,36,
2024,West Point WMA - Dixie Creek,1,Either,4,7,222,11,
2024,West Point WMA - Glover Creek,1,Either,0,1,76,1,
2024,Wilson Shoals WMA,3,Either,14,17,771,31,
2024,Yuchi WMA,8,Either,28,34,571,62,
2024,Zahnd WMA,1,Either,6,7,82,13,
2023,Alapaha River WMA,5,Either,36,53,758,89,
2023,Albany Nursery WMA,3,Either,2,3,32,5,
2023,Alexander WMA,2,Either,23,17,126,40,
2023,Allatoona WMA,4,Either,52,82,1242,134,
2023,Alligator Creek WMA,3,Either,14,13,243,27,
2023,Altama Plantation WMA,4,Either,9,10,178,19,
2023,"Altamaha WMA - Buffalo Swamp, Lewis Island, and McGowan Lake Tracts",3,Either,7,5,264,12,
2023,Arrowhead,1,Either,0,0,0,0,
2023,B.F. Grant WMA,4,Either,61,72,705,133,
2023,Balls Ferry State Park,2,Either,1,0,24,1,
2023,Bartam Forest,1,Either,19,11,70,30,
2023,Beaverdam WMA,5,Either,23,32,320,55,
2023,Berry College WMA,4,Either,53,152,982,205,
2023,Big Dukes Pond WMA,3,Either,15,25,277,40,
2023,Big Hammock WMA,2,Either,3,7,190,10,
2023,Big Lazer Creek WMA,5,Either,36,40,633,76,
2023,Blanton Creek,4,Either,29,40,400,69,
2023,Blue Ridge WMA,4,Either,3,24,489,27,
2023,Broad River WMA,1,Either,7,7,86,14,
2023,Buck Shoals WMA,3,Either,13,10,30,23,
2023,Bullard Creek WMA,5,Either,123,180,748,303,
2023,Bullard Creek WMA - Bell Telephone Tract,1,Either,3,4,87,7,
2023,Bullard Creek WMA - Montgomery Tract ,1,Either,0,0,83,0,
2023,Bullard Creek WMA - Ocmulgee Tract,1,Either,6,3,161,9,
2023,Camp Thunder VPA,1,Either,8,2,225,10,
2023,Canoochee Sandhills WMA,4,Either,19,19,378,38,
2023,Cardinal VPA,1,Either,3,4,32,7,
2023,Carters Lake WMA,3,Either,15,12,316,27,
2023,Cedar Creek WMA,5,Either,111,404,2354,515,
2023,Cedar Grove VPA,1,Either,0,1,39,1,
2023,Ceylon WMA,4,Either,34,26,226,60,
2023,Chattahoochee Bend State Park,1,Either,13,22,56,35,
2023,Chattahoochee Fall Line WMA - Almo,3,Either,24,26,169,50,
2023,Chattahoochee Fall Line - Blackjack Crossing,1,Either,4,0,104,4,
2023,Chattahoochee Fall Line WMA - Fort Perry,6,Either,11,9,97,20,
2023,Chattahoochee Fall Line WMA - Hilliard,5,Either,36,25,236,61,
2023,Chattahoochee Fall Line WMA - VPA Tracts,1,Either,3,9,90,12,
2023,Chattahoochee WMA,4,Antlered,0,17,530,17,
2023,Chestatee WMA,4,Antlered,0,11,535,11,
2023,Chickasawhatchee WMA,6,Either,98,164,692,262,
2023,Clarks Hill WMA,5,Either,90,96,1027,186,
2023,Clayhole Swamp WMA,5,Either,24,37,315,61,
2023,Clybel WMA,7,Either,53,93,622,146,
2023,Cohutta WMA,3,Antlered,0,36,1436,36,
2023,Conasauga River WMA,1,Either,3,7,303,10,
2023,Coopers Creek WMA,5,Antlered,0,56,843,56,
2023,Coosawattee WMA,3,Either,37,43,398,80,
2023,Crockford-Pigeon Mountain WMA,4,Either,71,201,1439,272,
2023,Dawson Forest WMA,5,Either,39,95,2120,134,
2023,Di-Lane Plantation WMA,4,Either,81,51,631,132,
2023,Dixon Memorial WMA,7,Either,27,67,722,94,
2023,Doerun Pitcherplant Bog WMA,1,Either,5,23,94,28,
2023,Dukes Creek - Smithgall Woods State Park,4,Antlered,0,13,190,13,
2023,Dupoont Tract VPA,2,Either,0,3,9,3,
2023,Echeconnee Creek WMA,1,Either,6,4,87,10,
2023,Elbert County WMA,4,Either,18,25,191,43,
2023,Elmodel WMA,1,Either,0,0,130,0,
2023,F.D. Roosevelt State Park,1,Either,3,5,44,8,
2023,Fishing Creek WMA,4,Either,11,18,230,29,
2023,Flat Creek PFA,1,Either,15,12,134,27,
2023,Flat Tub WMA ,5,Either,28,39,552,67,
2023,Flint River WMA,4,Either,31,20,227,51,
2023,Fort Yargo State Park,1,Either,20,21,61,41,
2023,Gaither WMA,4,Either,7,11,149,18,
2023,Germany Creek WMA,4,Either,11,11,129,22,
2023,Grand Bay WMA,11,Either,20,25,154,45,
2023,Griffen Ridge WMA,4,Either,16,14,171,30,
2023,Hannahatchee WMA,3,Either,30,43,1303,73,
2023,Hard Labor Creek State Park,1,Either,69,71,144,140,
2023,Hart County WMA,3,Either,15,23,213,38,
2023,Horse Creek MWA ,6,Either,53,68,500,121,
2023,J.L. Lester WMA,3,Either,19,13,231,32,
2023,Joe Kurz WMA,3,Either,48,42,437,90,
2023,Johns Mountain WMA,4,Either,12,39,657,51,
2023,Keg Creek,1,Either,3,4,115,7,
2023,Kretlow Farm VPA,1,Either,0,0,0,0,
2023,Lake Russell WMA,5,Either,27,124,1330,151,
2023,Lake Seminole WMA,3,Either,42,25,31,67,
2023,Lake Walter F. George WMA,1,Either,7,4,46,11,
2023,Lanahassee WMA,5,Either,41,35,203,76,
2023,Little River WMA,2,Either,5,5,246,10,
2023,Little Satilla WMA ,4,Either,51,29,340,80,
2023,Lola Tract VPA,2,Either,3,6,41,9,
2023,Lower Broad River WMA,4,Either,17,11,201,28,
2023,Mayhaw WMA ,4,Either,96,78,482,174,
2023,McGraw Ford WMA,1,Either,17,12,655,29,
2023,Mead Farm WMA,1,Either,0,1,28,1,
2023,Mistletoe State Park,1,Either,24,18,40,42,
2023,Montezuma Bluffs WMA,1,Either,5,4,58,9,
2023,Moody Forest WMA,1,Either,57,19,188,76,
2023,Morgan Lake WMA,1,Either,0,3,5,3,
2023,Oaky Woods WMA,5,Either,48,110,687,158,
2023,Ocmulgee WMA,5,Either,56,201,958,257,
2023,Ocmulgee WMA - Gum Swamp Creek,1,Either,1,5,108,6,
2023,Oconee WMA,3,Either,90,89,771,179,
2023,Oconee WMA - Dan Denton Waterfowl Area,1,Either,1,2,31,3,
2023,Ohoopee Dunes WMA - North Tract ,3,Either,36,51,202,87,
2023,Ohoopee Dunes WMA - South Tract ,1,Either,5,2,60,7,
2023,Oliver Bridge WMA,3,Either,11,23,803,34,
2023,Ossabaw Island WMA,5,Either,67,88,283,155,
2023,Otting WMA,1,Either,1,1,113,2,
2023,Panola Mountain State Park,1,Either,18,19,37,37,
2023,Paulding Forest WMA,4,Either,43,162,1979,205,
2023,Paulks Pasture WMA,8,Either,81,109,659,190,
2023,Penholoway Swamp WMA,4,Either,21,37,211,58,
2023,Perry Dove Field ,1,Either,2,0,20,2,
2023,Phinizy Swamp WMA,1,Either,1,2,33,3,
2023,Pine Log WMA,3,Either,12,64,835,76,
2023,Pleasant Valley VPA,5,Either,0,1,3,1,
2023,Red Top Mountain State Park ,1,Either,27,30,45,57,
2023,Redlands WMA,5,Either,165,226,1712,391,
2023,Rich Mountain WMA,2,Either,2,60,494,62,
2023,Richard B. Russell State Park,1,Either,10,12,35,22,
2023,Richmond Hill WMA,4,Either,32,38,241,70,
2023,River Bend WMA,5,Either,11,28,264,39,
2023,"River Creek, The Rolf and Alexandra Kauka WMA",5,Either,11,11,260,22,
2023,Rocky Mountain Recreation PFA,1,Either,9,9,166,18,
2023,Rogers WMA,4,Either,10,1,247,11,
2023,Rum Creek WMA,4,Either,48,82,397,130,
2023,Rum Creek WMA - Berry Creek,1,Either,2,2,98,4,
2023,Sandhills WMA - East,1,Either,4,1,46,5,
2023,Sandhills WMA - West ,11,Either,2,4,171,6,
2023,Sansavilla WMA,7,Either,39,71,1050,110,
2023,Sapelo Island WMA,5,EIther,54,109,188,163,
2023,Scotland Road VPA,1,Either,2,0,35,2,
2023,Sheffield WMA,1,Either,10,7,512,17,
2023,Silver Lake WMA,6,Either,45,88,673,133,
2023,Soap Creek WMA,4,Either,2,9,120,11,
2023,Sparks Cut Off VPA,1,Either,2,2,22,4,
2023,Spirit Creek Forest WMA,1,Either,8,11,98,19,
2023,Sprewell Bluff WMA - East,1,Either,8,5,121,13,
2023,Sprewell Bluff WMA - West,1,Either,3,17,521,20,
2023,Standing Boy State Park,1,Either,17,16,220,33,
2023,Swallow Creek WMA,4,Antlered,0,12,308,12,
2023,Tallapoosa River WMA,4,Either,7,5,62,12,
2023,Tallulah George WMA,3,Either,0,6,264,6,
2023,Townsend WMA - Buck Island Tract,4,Either,13,10,361,23,
2023,"Townsend WMA  - North, South, and Pine Island Tracts",8,Either,40,57,489,97,
2023,Treat Mountain WMA,4,Either,9,13,193,22,
2023,Tuckahoe WMA,4,Either,30,59,513,89,
2023,Tugaloo State Park ,1,Either,3,2,17,5,
2023,Walton WMA,1,Either,3,3,67,6,
2023,Warren Farm Tract VPA,1,Either,0,0,0,0,
2023,Warwoman WMA,3,Antlered,0,32,329,32,
2023,West Point WMA,5,Either,23,33,596,56,
2023,West Point WMA - Dixie Creek,1,Either,1,2,136,3,
2023,West Point WMA - Glover Creek,1,Either,3,1,92,4,
2023,Wilson Shoals WMA,3,Either,14,18,563,32,
2023,Yuchi WMA,8,Either,34,58,563,92,
2023,Zahnd WMA,1,Either,5,5,89,10,
2022,Alapaha River WMA,5,Either,31,48,816,79,
2022,Albany Nursery WMA,3,Either,0,0,19,0,
2022,Alexander WMA,2,Either,6,13,138,19,
2022,Allatoona WMA,4,Either,48,80,1107,128,
2022,Alligator Creek WMA,3,Either,12,5,291,17,
2022,Altama Plantation WMA,6,Either,6,12,200,18,
2022,"Altamaha WMA - Buffalo Swamp, Lewis Island, and McGowan Lake Tracts",4,Either,12,6,283,18,
2022,Altamaha WMA - Waterfowl Management Area,1,Either,0,2,5,2,
2022,Arrowhead,3,Either,0,0,28,0,
2022,B.F. Grant WMA,4,Either,57,70,659,127,
2022,Balls Ferry State Park,2,Either,2,1,24,3,
2022,Bartam Forest,1,Either,9,8,93,17,
2022,Beaverdam WMA,5,Either,24,49,351,73,
2022,Berry College WMA,4,Either,38,134,1325,172,
2022,Big Dukes Pond WMA,3,Either,25,20,161,45,
2022,Big Hammock WMA,2,Either,8,3,177,11,
2022,Big Lazer Creek WMA,5,Either,16,28,546,44,
2022,Blanton Creek,4,Either,40,31,398,71,
2022,Blue Ridge WMA,1,Antlered,0,14,147,14,
2022,Buck Shoals WMA,3,Either,8,12,32,20,
2022,Buford Dam,1,Either,14,16,42,30,
2022,Bullard Creek WMA,5,Either,100,85,742,185,
2022,Camp Thunder VPA,1,Either,5,5,154,10,
2022,Canoochee Sandhills WMA,4,Either,4,1,160,5,
2022,Cardinal VPA,1,Either,1,0,50,1,
2022,Carters Lake WMA,3,Either,28,29,218,57,
2022,Cedar Creek WMA,5,Either,64,292,2107,356,
2022,Cedar Grove VPA,1,Either,1,1,58,2,
2022,Ceylon WMA,5,Either,82,53,1133,135,
2022,Charles B. Henson VPA,2,Either,1,3,123,4,
2022,Chattahoochee Bend State Park,1,Either,18,22,74,40,
2022,Chattahoochee Fall Line WMA - Almo,3,Either,14,24,207,38,
2022,Chattahoochee Fall Line - Blackjack Crossing,1,Either,3,1,104,4,
2022,Chattahoochee Fall Line WMA - Fort Perry,6,Either,11,16,139,27,
2022,Chattahoochee Fall Line WMA - Hilliard,6,Either,32,26,284,58,
2022,Chattahoochee Fall Line WMA - VPA Tracts,1,Either,3,7,70,10,
2022,Chattahoochee WMA,3,Antlered,0,14,267,14,
2022,Chestatee WMA,2,Antlered,0,18,227,18,
2022,Chickasawhatchee WMA,6,Either,76,118,611,194,
2022,Clarks Hill WMA,5,Either,103,106,882,209,
2022,Clayhole Swamp WMA,5,Either,17,20,271,37,
2022,Clybel WMA,7,Either,48,85,618,133,
2022,Cohutta WMA,3,Antlered,0,47,1515,47,
2022,Conasauga River WMA,1,Either,1,2,87,3,
2022,Coopers Creek WMA,2,Antlered,0,29,347,29,
2022,Coosawattee WMA,3,Either,29,24,342,53,
2022,Crockford-Pigeon Mountain WMA,4,Either,41,159,1600,200,
2022,Dawson Forest WMA,4,Either,17,58,1981,75,
2022,Di-Lane Plantation WMA,4,Either,69,55,666,124,
2022,Dixon Memorial WMA,9,Either,21,32,423,53,
2022,Doerun Pitcherplant Bog WMA,1,Either,2,5,139,7,
2022,Dupoont Tract VPA,2,Either,2,1,43,3,
2022,Echeconnee Creek WMA,1,Either,1,2,76,3,
2022,Elmodel WMA,1,Either,6,9,271,15,
2022,Fishing Creek WMA,4,Either,8,16,251,24,
2022,Flat Creek PFA,1,Either,6,15,111,21,
2022,Flat Tub WMA ,5,Either,20,19,799,39,
2022,Flint River WMA,4,Either,22,29,276,51,
2022,Fort Yargo State Park,1,Either,19,17,85,36,
2022,Gaither WMA,4,Either,5,9,137,14,
2022,Germany Creek WMA,4,Either,1,7,148,8,
2022,Grand Bay WMA,10,Either,10,16,311,26,
2022,Griffen Ridge WMA,4,Either,11,10,252,21,
2022,Hannahatchee WMA,3,EIther,40,40,898,80,
2022,Hard Labor Creek State Park,1,Either,33,67,114,100,
2022,Horse Creek MWA ,6,Either,18,50,555,68,
2022,J.L. Lester WMA,4,Either,16,7,182,23,
2022,Joe Kurz WMA,3,Either,29,25,437,54,
2022,Johns Mountain WMA,4,Either,5,22,631,27,
2022,Keg Creek,1,Either,2,6,205,8,
2022,Lake Russell WMA,4,Either,18,122,1091,140,
2022,Lake Seminole WMA,3,Either,25,14,26,39,
2022,Lake Walter F. George WMA,1,Either,5,3,27,8,
2022,Lanahassee WMA,5,Either,18,23,189,41,
2022,Little River WMA,2,Either,2,8,247,10,
2022,Little Satilla WMA ,4,Either,41,27,743,68,
2022,Lola Tract VPA,2,Either,2,2,122,4,
2022,Lower Broad River WMA,4,Either,24,9,239,33,
2022,Mayhaw WMA ,4,Either,61,67,522,128,
2022,McGraw Ford WMA,1,Either,9,19,536,28,
2022,Montezuma Bluffs WMA,1,Either,3,1,66,4,
2022,Moody Forest WMA,1,Either,22,12,212,34,
2022,Oaky Woods WMA,5,Either,14,77,722,91,
2022,Ocmulgee WMA,5,Either,36,155,929,191,
2022,Ocmulgee WMA - Gum Swamp Creek,1,Either,2,2,111,4,
2022,Oconee WMA,4,Either,46,68,645,114,
2022,Oconee WMA - Dan Denton Waterfowl Area,1,Either,0,0,3,0,
2022,Ohoopee Dunes WMA - North Tract ,3,Either,20,44,177,64,
2022,Ohoopee Dunes WMA - South Tract ,1,Either,5,0,59,5,
2022,Oliver Bridge WMA,1,Either,0,0,2,0,
2022,Ossabaw Island WMA,5,Either,96,124,281,220,
2022,Otting WMA,1,Either,5,3,80,8,
2022,Panola Mountain State Park,1,Either,34,31,54,65,
2022,Paulding Forest WMA,4,Either,59,143,1829,202,
2022,Paulks Pasture WMA,10,Either,49,53,622,102,
2022,Penholoway Swamp WMA,4,Either,19,20,343,39,
2022,Perry Dove Field ,1,Either,0,1,22,1,
2022,Phinizy Swamp WMA,1,Either,3,4,32,7,
2022,Pine Log WMA,3,Either,4,50,803,54,
2022,Pleasant Valley VPA,5,Either,0,2,6,2,
2022,Red Top Mountain State Park ,1,Either,29,25,33,54,
2022,Redlands WMA,5,Either,145,186,767,331,
2022,Rich Mountain WMA,2,Antlered,0,53,505,53,
2022,Rich Mountain WMA - Cartecay,1,Either,10,8,178,18,
2022,Richard B. Russell State Park,1,Either,22,13,44,35,
2022,Richmond Hill WMA,4,Either,31,35,180,66,
2022,River Bend WMA,5,Either,11,23,241,34,
2022,"River Creek, The Rolf and Alexandra Kauka WMA",5,Either,8,10,188,18,
2022,Rogers WMA,4,Either,1,1,49,2,
2022,Rum Creek WMA,4,Either,35,73,387,108,
2022,Rum Creek WMA - Berry Creek,1,Either,3,0,95,3,
2022,Sandhills WMA - East,1,Either,3,2,28,5,
2022,Sandhills WMA - West ,10,Either,4,8,260,12,
2022,Sansavilla WMA,7,Either,47,45,932,92,
2022,Sapelo Island WMA,5,Either,52,77,207,129,
2022,Scotland Road VPA,1,Either,2,1,36,3,
2022,Sheffield WMA,1,Either,11,14,458,25,
2022,Silver Lake WMA,6,Either,51,73,695,124,
2022,Soap Creek WMA,4,Either,6,2,127,8,
2022,Sparks Cut Off VPA,1,Either,0,2,43,2,
2022,Spirit Creek Forest WMA,1,Either,4,2,50,6,
2022,Sprewell Bluff WMA - East,1,Either,77,1,178,78,
2022,Sprewell Bluff WMA - West,2,Either,1,0,55,1,
2022,Standing Boy State Park,1,Either,15,20,292,35,
2022,Swallow Creek WMA,3,Antlered,0,18,255,18,
2022,Tallapoosa River WMA,4,Either,1,6,33,7,
2022,Townsend WMA - Buck Island Tract,4,Either,10,13,181,23,
2022,"Townsend WMA  - North, South, and Pine Island Tracts",9,Either,32,30,596,62,
2022,Treat Mountain WMA,4,Either,13,15,181,28,
2022,Tuckahoe WMA,4,Either,30,52,609,82,
2022,Tugaloo State Park ,1,Either,9,4,26,13,
2022,Warwoman WMA,2,Antlered,0,28,249,28,
2022,West Point WMA,5,Either,22,26,583,48,
2022,West Point WMA - Dixie Creek,1,Either,2,1,100,3,
2022,West Point WMA - Glover Creek,1,Either,0,1,62,1,
2022,Yuchi WMA,7,Either,28,60,600,88,
2022,Zahnd WMA,1,Either,2,7,72,9,
2021,Alapaha River WMA,5,Either,44,56,980,100,
2021,Albany Nursery WMA,3,Either,0,2,20,2,
2021,Alexander WMA,3,Either,18,16,156,34,
2021,Allatoona WMA,3,Either,68,71,1424,139,
2021,Alligator Creek WMA,3,Either,9,8,290,17,
2021,Altama Plantation WMA,5,Either,19,7,160,26,
2021,"Altamaha WMA - Buffalo Swamp, Lewis Island, and McGowan Lake Tracts",4,Either,14,16,471,30,
2021,Altamaha WMA - Waterfowl Management Area,1,Either,0,0,8,0,
2021,Arrowhead,2,Either,1,0,34,1,
2021,B.F. Grant WMA,6,Either,94,63,993,157,
2021,Balls Ferry State Park,3,Either,2,0,28,2,
2021,Bartam Forest,1,Either,9,3,87,12,
2021,Beaverdam WMA,6,Either,31,39,406,70,
2021,Berry College WMA,4,Either,76,174,1547,250,
2021,Big Dukes Pond WMA,3,Either,16,19,187,35,
2021,Big Hammock WMA,7,Either,8,16,355,24,
2021,Big Lazer Creek WMA,6,Either,30,49,739,79,
2021,Blanton Creek,6,Either,18,38,437,56,
2021,Blue Ridge WMA,6,Antlered,0,26,454,26,
2021,Broad River WMA,2,Either,0,0,165,0,
2021,Buck Shoals WMA,3,Either,4,14,34,18,
2021,Bullard Creek WMA,7,Either,78,61,885,139,
2021,Bullard Creek WMA - Bell Telephone Tract,1,Either,0,0,38,0,
2021,Bullard Creek WMA - Ocmulgee Tract,1,Either,8,1,111,9,
2021,Camp Thunder VPA,1,Either,9,5,183,14,
2021,Canoochee Sandhills WMA,4,Either,8,11,366,19,
2021,Cardinal VPA,1,Either,0,0,60,0,
2021,Carters Lake WMA,2,Either,15,17,310,32,
2021,Cedar Creek WMA,5,Either,76,339,2457,415,
2021,Ceylon WMA,5,Either,284,129,1728,413,
2021,Chattahoochee Bend State Park,1,Either,13,12,63,25,
2021,Chattahoochee Fall Line WMA - Almo,3,Either,26,39,258,65,
2021,Chattahoochee Fall Line - Blackjack Crossing,1,Either,4,6,82,10,
2021,Chattahoochee Fall Line WMA - Fort Perry,5,Either,16,13,105,29,
2021,Chattahoochee Fall Line WMA - Hilliard,6,Either,53,33,349,86,
2021,Chattahoochee Fall Line WMA - VPA Tracts,1,Either,6,6,70,12,
2021,Chattahoochee WMA,3,Antlered,0,13,364,13,
2021,Chestatee WMA,4,Antlered,0,20,480,20,
2021,Chickasawhatchee WMA,7,Either,61,108,728,169,
2021,Clarks Hill WMA,6,Either,77,111,1062,188,
2021,Clayhole Swamp WMA,11,Either,23,19,458,42,
2021,Clybel WMA,8,Either,51,80,784,131,
2021,Cohutta WMA,3,Antlered,0,44,1878,44,
2021,Conasauga River WMA,1,Either,8,2,291,10,
2021,Coopers Creek WMA,8,Either,2,45,665,47,
2021,Coosawattee WMA,4,Either,62,95,964,157,
2021,Crockford-Pigeon Mountain WMA,4,Either,65,176,2179,241,
2021,Dawson Forest WMA,7,Either,28,99,2714,127,
2021,Di-Lane Plantation WMA,4,Either,72,64,687,136,
2021,Dixon Memorial WMA,2,Either,0,2,52,2,
2021,Dodge County PFA,1,Either,4,5,11,9,
2021,Doerun Pitcherplant Bog WMA,1,Either,5,14,122,19,
2021,Dupoont Tract VPA,3,Either,2,1,58,3,
2021,Echeconnee Creek WMA,1,Either,4,2,104,6,
2021,Elbert Couny WMA,4,Either,25,30,243,55,
2021,Elmodel WMA,2,Either,12,9,329,21,
2021,F.D. Roosevelt State Park,1,Either,16,24,52,40,
2021,Fishing Creek WMA,4,Either,9,16,373,25,
2021,Flat Creek PFA,1,Either,10,12,157,22,
2021,Flat Tub WMA ,1,Either,80,77,937,157,
2021,Flint River WMA,6,Either,61,24,316,85,
2021,Gaither WMA,5,Either,11,11,256,22,
2021,Germany Creek WMA,4,Either,6,6,170,12,
2021,Grand Bay WMA,22,Either,10,30,709,40,
2021,Griffen Ridge WMA,6,Either,7,10,309,17,
2021,Hannahatchee WMA,3,Either,44,48,1007,92,
2021,Hard Labor Creek State Park,1,Either,38,62,121,100,
2021,Hiltonia WMA,2,Either,0,0,43,0,
2021,Horse Creek MWA ,9,Either,45,46,624,91,
2021,Hugh M. Gillis PFA,1,Either,1,1,28,2,
2021,J.L. Lester WMA,4,Either,24,14,163,38,
2021,Joe Kurz WMA,4,Either,32,37,524,69,
2021,Johns Mountain WMA,4,Either,4,64,781,68,
2021,Keg Creek,1,Either,5,5,191,10,
2021,Kretlow Farm VPA,1,Either,0,0,5,0,
2021,Lake Russell WMA,7,Either,35,107,1341,142,
2021,Lake Seminole WMA,3,Either,23,22,42,45,
2021,Lake Walter F. George WMA,1,Either,3,1,25,4,
2021,Lanahassee WMA,6,Either,18,20,187,38,
2021,Little River WMA,3,Either,8,5,240,13,
2021,Little Satilla WMA ,4,Either,60,26,1088,86,
2021,Lola Tract VPA,3,Either,8,9,207,17,
2021,Lower Broad River WMA,4,Either,14,11,323,25,
2021,Mayhaw WMA ,4,Either,59,62,483,121,
2021,McGraw Ford WMA,1,Either,23,16,614,39,
2021,Mead Farm WMA,1,Either,1,2,20,3,
2021,Mistletoe State Park,1,Either,14,11,37,25,
2021,Montezuma Bluffs WMA,1,Either,7,4,60,11,
2021,Moody Forest WMA,1,Either,48,23,195,71,
2021,Morgan Lake WMA,1,Either,2,1,15,3,
2021,Nashville Tract VPA,1,Either,2,2,26,4,
2021,Oaky Woods WMA,5,Either,25,92,783,117,
2021,Ocmulgee WMA,5,Either,41,151,1004,192,
2021,Ocmulgee WMA - Gum Swamp Creek,1,Either,0,1,140,1,
2021,Oconee WMA,4,Either,94,98,977,192,
2021,Oconee WMA - Dan Denton Waterfowl Area,1,Either,0,0,24,0,
2021,"Ohoopee Dunes WMA - Hwy 80 Tract, Halls Bridge Tract, Covena Tract",1,Either,3,0,141,3,
2021,Ohoopee Dunes WMA - McCleods Bridge Tract,4,Either,37,54,322,91,
2021,Oliver Bridge WMA,3,Either,6,7,720,13,
2021,Ossabaw Island WMA,5,Either,25,34,96,59,
2021,Otting WMA,1,Either,9,5,110,14,
2021,Panola Mountain State Park,1,Either,9,9,28,18,
2021,Paulding Forest WMA,5,Either,57,162,2293,219,
2021,Paulks Pasture WMA,11,Either,68,82,967,150,
2021,Penholoway Swamp WMA,7,Either,14,12,411,26,
2021,Perry Dove Field ,18,Either,1,0,26,1,
2021,Phinizy Swamp WMA,1,Either,3,4,32,7,
2021,Pine Log WMA,3,Either,26,50,1048,76,
2021,Pleasant Valley VPA,1,Either,0,0,14,0,
2021,Redlands WMA,6,Either,176,206,2980,382,
2021,Redlands WMA - Watson Spring Area,3,Either,0,0,317,0,
2021,Rich Mountain WMA,2,Antlered,0,50,553,50,
2021,Rich Mountain WMA - Cartecay,1,Either,9,7,228,16,
2021,Richmond Hill WMA,4,Either,32,25,190,57,
2021,River Bend WMA,6,Either,20,18,233,38,
2021,"River Creek, The Rolf and Alexandra Kauka WMA",5,Either,6,14,173,20,
2021,Rogers WMA,4,Either,2,1,142,3,
2021,Rum Creek WMA,5,Either,26,63,425,89,
2021,Rum Creek WMA - Berry Creek,1,Either,3,3,96,6,
2021,Sandhills WMA - East,1,Either,1,3,83,4,
2021,Sandhills WMA - West ,9,Either,4,20,291,24,
2021,Sansavilla WMA,9,Either,39,54,1219,93,
2021,Sapelo Island WMA,11,Either,25,43,117,68,
2021,Sheffield WMA,1,Either,7,11,707,18,
2021,Silver Lake WMA,6,Either,45,62,694,107,
2021,Soap Creek WMA,4,Either,5,7,129,12,
2021,Sparks Cut Off VPA,1,Either,3,0,64,3,
2021,Spirit Creek Forest WMA,1,Either,6,12,80,18,
2021,Sprewell Bluff WMA - East,1,Either,10,7,193,17,
2021,Sprewell Bluff WMA - West,3,Either,18,17,1173,35,
2021,Standing Boy State Park,1,Either,8,11,258,19,
2021,Swallow Creek WMA,2,Antlered,0,7,189,7,
2021,Townsend WMA - Buck Island Tract,4,Either,14,8,362,22,
2021,"Townsend WMA  - North, South, and Pine Island Tracts",9,Either,23,39,633,62,
2021,Tuckahoe WMA,5,Either,41,80,983,121,
2021,Tugaloo State Park ,1,Either,6,4,24,10,
2021,Warren Farm Tract VPA,1,Either,0,0,39,0,
2021,Warwoman WMA,2,Antlered,0,21,204,21,
2021,West Point WMA,5,Either,24,33,893,57,
2021,West Point WMA - Dixie Creek,1,Either,0,0,135,0,
2021,West Point WMA - Glover Creek,1,Either,0,0,77,0,
2021,Wilson Shoals WMA,1,Either,0,1,18,1,
2021,Yuchi WMA,8,Either,16,52,712,68,
2021,Zahnd WMA,1,Either,6,3,103,9,
2020,Alapaha River WMA,5,Either,39,70,989,109,
2020,Alexander WMA,3,Either,34,15,173,49,
2020,Allatoona WMA,3,Either,79,76,1320,155,
2020,Alligator Creek WMA,3,Either,0,0,197,0,
2020,Altama Plantation WMA,5,Either,13,12,119,25,
2020,"Altamaha WMA - Buffalo Swamp, Lewis Island, and McGowan Lake Tracts",4,Either,10,2,289,12,
2020,Altamaha WMA - Waterfowl Management Area,1,Either,1,2,6,3,
2020,Arrowhead,2,Either,0,0,57,0,
2020,B.F. Grant WMA,5,Either,58,55,834,113,
2020,Balls Ferry State Park,3,Either,1,0,19,1,
2020,Bartam Forest,1,Either,8,5,98,13,
2020,Beaverdam WMA,4,Either,0,0,114,0,
2020,Berry College WMA,5,Either,87,150,1427,237,
2020,Big Hammock WMA,9,Either,15,13,416,28,
2020,Big Lazer Creek WMA,6,Either,25,30,552,55,
2020,Blanton Creek,6,Either,20,27,340,47,
2020,Blue Ridge WMA,3,Either,1,16,390,17,
2020,Broad River WMA,3,Either,11,10,29,21,
2020,Buck Shoals WMA,7,Either,20,9,584,29,
2020,Bullard Creek WMA,1,Either,0,0,50,0,
2020,Bullard Creek WMA - Bell Telephone Tract,1,Either,1,4,126,5,
2020,Bullard Creek WMA - Ocmulgee Tract,1,Either,2,1,66,3,
2020,Camp Thunder VPA,1,Either,1,4,126,5,
2020,Cardinal VPA,1,Either,2,1,66,3,
2020,Carters Lake WMA,2,Either,11,12,311,23,
2020,Cedar Creek WMA,5,Either,92,325,2007,417,
2020,Chattahoochee Bend State Park,1,Either,7,16,38,23,
2020,Chattahoochee Fall Line WMA - Almo,3,Either,22,31,206,53,
2020,Chattahoochee Fall Line WMA - Fort Perry,6,Either,20,13,127,33,
2020,Chattahoochee Fall Line WMA - Hilliard,5,Either,38,53,301,91,
2020,Chattahoochee Fall Line WMA - VPA Tracts,1,Either,1,3,37,4,
2020,Chattahoochee WMA,6,Antlered,0,11,503,11,
2020,Chestatee WMA,4,Antlered,0,14,373,14,
2020,Clarks Hill WMA,5,Either,90,70,947,160,
2020,Clayhole Swamp WMA,13,Either,20,38,624,58,
2020,Clybel WMA,8,Either,67,91,687,158,
2020,Cohutta WMA,3,Either,3,59,1554,62,
2020,Conasauga River WMA,1,Either,5,4,204,9,
2020,Coopers Creek WMA,5,Either,4,22,657,26,
2020,Coosawattee WMA,4,Either,85,80,928,165,
2020,Crockford-Pigeon Mountain WMA,4,Either,67,144,1859,211,
2020,Dawson Forest WMA,4,Either,21,65,1477,86,
2020,Di-Lane Plantation WMA,8,Either,190,132,1414,322,
2020,Dixon Bay WMA,2,Either,2,0,40,2,
2020,Dixon Memorial WMA,11,Either,42,57,1032,99,
2020,Dukes Creek - Smithgall Woods State Park,4,Antlered,0,6,134,6,
2020,Dupoont Tract VPA,3,Either,0,3,34,3,
2020,Echeconnee Creek WMA,1,Either,7,3,93,10,
2020,Elbert Couny WMA,4,Either,12,30,469,42,
2020,Fishing Creek WMA,4,Either,7,9,294,16,
2020,Flat Creek PFA,1,Either,6,11,126,17,
2020,Flat Tub WMA ,4,Either,65,53,880,118,
2020,Gaither WMA,5,Either,15,16,188,31,
2020,Germany Creek WMA,4,Either,2,7,115,9,
2020,Grand Bay WMA,16,Either,14,26,462,40,
2020,Griffen Ridge WMA,5,Either,14,11,250,25,
2020,Hard Labor Creek State Park,2,Either,76,120,271,196,
2020,Hart County WMA,4,Either,10,13,225,23,
2020,Hiltonia WMA,2,Either,1,1,33,2,
2020,Horse Creek MWA ,10,Either,11,40,520,51,
2020,J.L. Lester WMA,4,Either,9,8,92,17,
2020,Joe Kurz WMA,4,Either,31,34,450,65,
2020,Johns Mountain WMA,4,Either,8,46,786,54,
2020,Keg Creek,1,Either,3,5,211,8,
2020,Kretlow Farm VPA,1,Either,0,1,25,1,
2020,Lake Russell WMA,6,Either,36,104,1176,140,
2020,Lake Seminole WMA,3,Either,21,41,39,62,
2020,Little River WMA,2,Either,1,2,195,3,
2020,Little Satilla WMA ,4,Either,58,38,231,96,
2020,Lola Tract VPA,3,Either,4,4,161,8,
2020,Lower Broad River WMA,4,Either,11,13,316,24,
2020,Mayhaw WMA ,4,Either,27,41,431,68,
2020,McGraw Ford WMA,1,Either,23,18,519,41,
2020,Mead Farm WMA,1,Either,0,1,24,1,
2020,Moody Forest WMA,1,Either,29,18,181,47,
2020,Morgan Lake WMA,1,Either,0,1,29,1,
2020,Nashville Tract VPA,1,Either,1,5,31,6,
2020,Oaky Woods WMA,5,Either,13,63,654,76,
2020,Ocmulgee WMA,5,Either,20,158,801,178,
2020,Ocmulgee WMA - Gum Swamp Creek,1,Either,2,2,107,4,
2020,Oconee WMA,4,Either,118,84,781,202,
2020,Ohoopee Dunes WMA - McCleods Bridge Tract,2,Either,12,20,55,32,
2020,Oliver Bridge WMA,4,Either,0,0,397,0,
2020,Ossabaw Island WMA,5,Either,56,92,245,148,
2020,Otting WMA,1,Either,5,2,71,7,
2020,Panola Mountain State Park,3,Either,42,57,87,99,
2020,Paulding Forest WMA,5,Either,56,157,1888,213,
2020,Paulks Pasture WMA,11,Either,77,95,882,172,
2020,Penholoway Swamp WMA,6,Either,16,21,364,37,
2020,Pine Log WMA,3,Either,11,38,896,49,
2020,Redlands WMA,4,Either,149,166,2474,315,
2020,Redlands WMA - Watson Spring Area,1,Either,0,2,128,2,
2020,Rich Mountain WMA,2,Antlered,0,35,495,35,
2020,Rich Mountain WMA - Cartecay,1,Either,9,6,158,15,
2020,Richard B. Russell State Park,1,Either,24,18,41,42,
2020,Richmond Hill WMA,4,Either,20,30,190,50,
2020,River Bend WMA,5,Either,6,11,185,17,
2020,"River Creek, The Rolf and Alexandra Kauka WMA",5,Either,7,10,126,17,
2020,Rogers WMA,4,Either,3,3,88,6,
2020,Rum Creek WMA,6,Either,41,61,501,102,
2020,Rum Creek WMA - Berry Creek,1,Either,3,6,119,9,
2020,Sansavilla WMA,10,Either,71,76,1234,147,
2020,Sapelo Island WMA,11,Either,54,61,245,115,
2020,Sheffield WMA,1,Either,21,21,564,42,
2020,Silver Lake WMA,6,Either,35,70,669,105,
2020,Soap Creek WMA,4,Either,11,8,110,19,
2020,Sparks Cut Off VPA,1,Either,3,0,41,3,
2020,Spirit Creek Forest WMA,1,Either,9,2,79,11,
2020,Sprewell Bluff WMA - East,2,Either,6,16,186,22,
2020,Sprewell Bluff WMA - West,2,Either,1,0,55,1,
2020,Standing Boy State Park,1,Either,7,13,273,20,
2020,Swallow Creek WMA,4,Antlered,0,7,306,7,
2020,Townsend WMA - Buck Island Tract,4,Either,4,4,297,8,
2020,"Townsend WMA  - North, South, and Pine Island Tracts",9,Either,34,46,715,80,
2020,Tuckahoe WMA,8,Either,59,133,1224,192,
2020,Walton WMA,1,Either,3,5,61,8,
2020,Warren Farm Tract VPA,1,Either,0,1,33,1,
2020,Warwoman WMA,4,Antlered,0,24,320,24,
2020,West Point WMA,6,Either,28,34,675,62,
2020,West Point WMA - Dixie Creek,1,Either,2,1,143,3,
2020,West Point WMA - Glover Creek,1,Either,0,0,77,0,
2020,Wilson Shoals WMA,4,Either,13,18,628,31,
2020,Yuchi WMA,6,Either,52,93,974,145,
2020,Zahnd WMA,1,Either,7,5,57,12,
